,City,Lat,Lng,Max Temp,Humidity,Cloudiness,Wind Speed,Country,Date
1,Sennoy,52.1509,46.9631,33.35,94,21,7.92,RU,1647949536
2,Longyearbyen,78.2186,15.6401,17.44,62,75,20.71,SJ,1647949537
6,La Romana,18.4273,-68.9728,70.16,94,20,5.75,DO,1647949539
7,Çermik,38.1361,39.4493,43.47,76,76,7.45,TR,1647949540
9,Agirish,61.9247,63.0231,25.47,95,100,10.38,RU,1647949542
10,Jamestown,42.097,-79.2353,36.01,53,0,8.05,US,1647949539
12,Tasiilaq,65.6145,-37.6368,8.26,54,7,2.15,GL,1647949543
14,Dawlatabad,36.4141,64.9053,59.41,38,100,11.12,AF,1647949545
15,San Patricio,28.017,-97.5169,67.95,51,78,10.54,US,1647949545
16,Bilibino,68.0546,166.4372,5.85,96,100,4.29,RU,1647949546
17,Qaanaaq,77.484,-69.3632,-5.58,90,100,3.85,GL,1647949547
18,Belyy Yar,53.6039,91.3903,37.29,51,0,11.18,RU,1647949547
19,Kapaa,22.0752,-159.319,73.72,84,40,16.11,US,1647949548
21,Fremont,37.5483,-121.9886,59.38,81,20,1.99,US,1647949550
24,Hilo,19.7297,-155.09,73.13,89,75,3.44,US,1647949552
27,Bethel,41.3712,-73.414,41.49,54,0,1.99,US,1647949404
28,Orahovac,42.3994,20.6547,55.26,45,22,13.2,XK,1647949556
31,Narsaq,60.9167,-46.05,8.82,57,40,7.45,GL,1647949558
34,Nikolskoye,59.7035,30.7861,45.88,79,0,7.11,RU,1647949560
36,Nizwá,22.9333,57.5333,91.53,9,0,9.1,OM,1647949561
39,Butaritari,3.0707,172.7902,81.1,79,45,13.4,KI,1647949564
41,Adrar,20.5022,-10.0711,89.82,8,0,10.65,MR,1647949565
42,Sinnamary,5.3833,-52.95,78.33,88,98,9.98,GF,1647949566
43,Katsuura,35.1333,140.3,39.22,85,100,25.46,JP,1647949567
44,Khatanga,71.9667,102.5,-19.05,100,86,4.16,RU,1647949280
45,Araouane,18.9048,-3.5265,88.59,8,6,14.34,ML,1647949568
46,Provideniya,64.3833,-173.3,8.83,88,66,3.78,RU,1647949568
47,Tiksi,71.6872,128.8694,-14.1,99,80,3.33,RU,1647949570
48,Wenling,28.3669,121.36,47.39,86,100,11.83,CN,1647949570
50,Sitka,57.0531,-135.33,46.29,81,100,10.36,US,1647949572
52,Kondopoga,62.2057,34.2614,47.88,93,4,6.42,RU,1647949573
54,Kavaratti,10.5669,72.642,82.47,67,13,12.41,IN,1647949574
57,Quang Ngai,15.1167,108.8,78.06,86,42,8.63,VN,1647949576
59,Novomikhaylovskiy,44.2581,38.8578,49.48,58,6,20.18,RU,1647949578
61,Fairbanks,64.8378,-147.7164,-3.66,62,0,5.75,US,1647949579
64,Amvrosiyivka,47.7935,38.4777,44.94,35,1,14.76,UA,1647949581
65,Rudnichnyy,59.617,52.4703,32.99,88,88,9.86,RU,1647949582
66,Dobra,44.7833,25.7167,61.99,25,3,18.32,RO,1647949583
67,Hobyo,5.3505,48.5268,83.57,61,21,10.27,SO,1647949583
68,Bubaque,11.2833,-15.8333,77.76,51,41,4.9,GW,1647949584
69,Inverness,57.4791,-4.224,48.11,71,0,2.3,GB,1647949398
71,Upernavik,72.7868,-56.1549,-11.06,67,100,5.26,GL,1647949586
72,Torbay,47.6666,-52.7314,34.57,84,75,25.32,CA,1647949528
73,Yerofey Pavlovich,53.9667,121.9667,9.52,94,74,4.25,RU,1647949588
74,Clyde River,70.4692,-68.5914,-16.37,69,0,13.8,CA,1647949588
75,Olafsvik,64.8945,-23.7142,36.63,95,100,17.56,IS,1647949589
76,São Filipe,14.8961,-24.4956,71.17,71,4,13.98,CV,1647949590
77,Ponta do Sol,32.6667,-17.1,66.0,73,99,6.4,PT,1647949590
79,Champerico,14.3,-91.9167,77.9,77,38,5.1,GT,1647949592
80,Gao,16.6362,1.637,96.58,5,7,12.28,ML,1647949593
81,Tuktoyaktuk,69.4541,-133.0374,-24.68,100,52,4.63,CA,1647949593
83,Gushikawa,26.3544,127.8686,66.2,75,100,13.8,JP,1647949595
84,Aksarka,66.5606,67.7975,18.77,94,100,14.5,RU,1647949596
86,Pacific Grove,36.6177,-121.9166,55.24,83,0,3.0,US,1647949580
87,Zhigansk,66.7697,123.3711,-6.25,100,59,3.76,RU,1647949598
88,Dudinka,69.4058,86.1778,2.62,93,100,7.38,RU,1647949598
90,Vila Franca do Campo,37.7167,-25.4333,62.2,70,92,14.38,PT,1647949600
94,Naze,28.3667,129.4833,59.92,79,100,19.24,JP,1647949603
95,Pacifica,37.6138,-122.4869,59.13,84,0,9.22,US,1647949604
97,Saint Paul Harbor,57.79,-152.4072,33.31,60,0,13.8,US,1647949605
98,Barrow,71.2906,-156.7887,-27.38,68,100,9.22,US,1647949606
100,Bjerkvik,68.5597,17.5189,41.0,98,100,8.19,NO,1647949607
101,Russkiy Aktash,55.0384,52.1214,31.87,89,96,13.33,RU,1647949608
103,Keti Bandar,24.1447,67.4497,80.4,58,0,15.35,PK,1647949610
104,Ust'-Ordynskiy,52.805,104.7508,12.34,95,89,3.02,RU,1647949610
105,Van,38.4924,43.3831,34.95,69,40,8.05,TR,1647949611
106,Talnakh,69.4865,88.3972,2.21,91,97,6.31,RU,1647949612
108,Albany,42.6001,-73.9662,31.77,59,3,3.0,US,1647949512
109,Ostrovnoy,68.0531,39.5131,31.51,73,100,32.23,RU,1647949614
111,Hoquiam,46.9809,-123.8893,50.0,97,100,3.44,US,1647949615
114,Esso,55.9333,158.7,7.12,95,100,4.38,RU,1647949617
116,Stornoway,58.2093,-6.3865,56.03,73,20,9.22,GB,1647949618
118,Udachny,66.4167,112.4,-7.87,100,78,3.67,RU,1647949620
119,Hailar,49.2,119.7,8.78,91,8,5.19,CN,1647949621
120,Shenjiamen,29.9576,122.298,47.55,77,100,8.48,CN,1647949622
121,Cabo San Lucas,22.8909,-109.9124,66.51,43,0,2.71,MX,1647949428
123,Lompoc,34.6391,-120.4579,61.12,75,0,8.05,US,1647949624
125,Kumul,42.8,93.45,51.67,35,91,9.26,CN,1647949625
127,Liverpool,53.4106,-2.9779,62.38,59,0,8.05,GB,1647949627
129,Petrovskoye,57.0104,39.2693,40.75,84,2,10.6,RU,1647949628
130,Vardø,70.3705,31.1107,33.78,86,75,24.16,NO,1647949630
133,Avera,33.194,-82.5271,49.51,88,100,6.69,US,1647949632
137,Broome,42.2506,-75.833,31.66,64,0,9.22,US,1647949635
138,Inta,66.0317,60.1659,29.23,80,100,18.14,RU,1647949636
139,Doha,25.2867,51.5333,93.51,20,0,9.22,QA,1647949629
141,Mānvi,15.9833,77.05,95.0,25,62,6.51,IN,1647949638
142,Petropavlovka,50.6114,105.3196,19.36,97,94,2.71,RU,1647949639
144,Sosnovoborsk,56.1325,93.3589,28.71,79,100,9.1,RU,1647949641
145,Mehamn,71.0357,27.8492,35.51,80,40,18.41,NO,1647949641
146,Anadyr,64.75,177.4833,21.7,92,40,24.61,RU,1647949642
147,Iztapa,13.9333,-90.7075,76.39,74,6,4.9,GT,1647949643
148,Forsytheganj,52.6333,29.7333,56.32,38,0,5.7,BY,1647949643
149,Salinas,36.6777,-121.6555,53.49,79,0,3.44,US,1647949500
150,Xiaoshi,41.2971,124.1209,35.67,55,86,3.0,CN,1647949645
151,Marzuq,14.4,46.4667,88.14,19,29,12.62,YE,1647949645
155,San Cristobal,7.7669,-72.225,66.38,74,69,1.68,VE,1647949648
156,George Town,5.4112,100.3354,89.55,62,20,5.75,MY,1647949455
157,Paka,4.6374,103.4368,82.33,83,40,8.05,MY,1647949650
158,Pevek,69.7008,170.3133,24.28,76,100,26.8,RU,1647949651
159,Tilichiki,60.4667,166.1,20.88,98,99,6.89,RU,1647949652
160,Tangkak,2.2673,102.5453,84.07,80,100,1.61,MY,1647949652
161,Guilin,25.2819,110.2864,50.11,87,100,8.28,CN,1647949653
162,Shawinigan,46.5668,-72.7491,25.29,54,56,9.22,CA,1647949654
163,Yilan,24.757,121.753,70.36,99,99,3.76,TW,1647949654
164,Krasnosel'kup,65.7,82.4667,4.32,90,17,3.31,RU,1647949655
166,Eureka,40.8021,-124.1637,48.92,78,52,2.71,US,1647949656
168,Arrondissement de Saint-Denis,48.9167,2.3333,63.09,30,0,10.36,FR,1647949658
170,Evensk,61.95,159.2333,27.5,97,100,10.4,RU,1647949660
171,Thinadhoo,0.5333,72.9333,83.86,72,42,18.72,MV,1647949660
172,Thompson,55.7435,-97.8558,24.96,93,100,5.75,CA,1647949528
173,Yellowknife,62.456,-114.3525,0.41,88,40,11.5,CA,1647949529
175,Shimanovsk,52.0,127.7,14.58,90,30,4.32,RU,1647949663
176,Watertown,42.3709,-71.1828,37.71,54,0,12.66,US,1647949663
178,Kapoeta,4.7717,33.5903,96.49,26,91,18.25,SS,1647949665
179,Bandarbeyla,9.4942,50.8122,80.76,65,8,10.89,SO,1647949665
181,Hecun,36.5333,114.1111,50.79,46,100,8.68,CN,1647949667
182,Desbiens,48.4178,-71.9495,12.85,85,100,16.17,CA,1647949667
184,Port Said,31.2565,32.2841,53.44,62,100,5.23,EG,1647949669
185,Saint-Michel-des-Saints,46.6834,-73.9159,13.23,88,99,13.53,CA,1647949669
187,Chase,50.8165,-119.6857,43.14,95,99,3.13,CA,1647949671
188,Chokurdakh,70.6333,147.9167,4.46,96,100,7.09,RU,1647949671
190,Lazarev,52.225,141.5131,17.4,89,85,10.92,RU,1647949673
192,Deputatsky,69.3,139.9,1.67,98,100,3.69,RU,1647949675
193,Faya,18.3851,42.4509,73.92,35,58,12.5,SA,1647949675
196,Tarakan,3.3,117.6333,80.1,83,20,3.44,ID,1647949677
197,Yar-Sale,66.8333,70.8333,15.82,89,100,17.52,RU,1647949679
198,Osoyoos,49.0331,-119.4524,46.81,82,98,4.61,CA,1647949679
199,Rincon,32.296,-81.2354,63.86,93,75,0.0,US,1647949680
200,Fort Morgan,40.2503,-103.8,27.82,68,0,13.8,US,1647949681
201,Gonbad-e Kāvūs,37.25,55.1672,50.95,57,100,0.0,IR,1647949395
202,Bathsheba,13.2167,-59.5167,77.61,83,75,17.27,BB,1647949682
203,Sistranda,63.7256,8.834,42.76,77,14,15.23,NO,1647949683
204,Belaya Gora,68.5333,146.4167,-5.87,100,97,3.44,RU,1647949683
205,Aklavik,68.2191,-135.0107,-15.5,98,87,4.5,CA,1647949684
206,Ati,13.2154,18.3353,105.04,6,39,8.01,TD,1647949685
207,Igarka,67.4667,86.5833,0.97,96,46,1.88,RU,1647949685
208,Makar'yev,57.8797,43.8069,41.83,85,40,8.66,RU,1647949686
209,Sīwah,29.2041,25.5195,61.79,24,5,15.41,EG,1647949687
210,Rock Sound,24.9,-76.2,74.16,68,16,18.95,BS,1647949688
211,Vaulx-en-Velin,45.7833,4.9333,62.04,30,0,16.11,FR,1647949689
212,Saskylakh,71.9167,114.0833,1.08,97,100,8.14,RU,1647949689
213,Lerwick,60.1545,-1.1494,46.4,78,29,15.55,GB,1647949690
214,Puerto Escondido,15.85,-97.0667,77.0,67,14,7.61,MX,1647949691
215,Xuanzhou,30.9525,118.7553,43.21,91,100,9.48,CN,1647949692
216,Ribeira Grande,38.5167,-28.7,61.2,67,40,18.41,PT,1647949692
220,Nuevo Progreso,23.1667,-97.95,73.89,68,37,3.0,MX,1647949695
225,Sémbé,1.6481,14.5806,92.55,39,98,4.43,CG,1647949699
227,Tahlequah,35.9154,-94.97,56.08,82,100,0.0,US,1647949701
229,Nanortalik,60.1432,-45.2371,19.76,66,52,5.14,GL,1647949702
230,Okhotsk,59.3833,143.3,18.23,96,100,3.33,RU,1647949703
231,Crotone,39.0851,17.1178,58.19,50,0,23.02,IT,1647949704
232,Berdigestyakh,62.0989,126.6992,-0.17,100,86,3.36,RU,1647949704
233,Shelburne,44.0787,-80.2041,28.76,62,53,7.81,CA,1647949528
235,Yenagoa,4.9247,6.2642,93.51,51,67,4.7,NG,1647949707
236,Tessalit,20.1986,1.0114,87.55,7,0,12.57,ML,1647949708
237,Polyarny,69.1989,33.4478,34.81,71,100,26.6,RU,1647949708
238,Koluszki,51.7387,19.8199,62.1,29,0,7.49,PL,1647949709
240,Dingle,10.9995,122.6711,79.92,78,100,6.53,PH,1647949710
241,Merrill,45.1805,-89.6835,37.58,96,100,8.05,US,1647949440
244,Gradiste,44.7567,21.5136,59.05,36,0,7.78,RS,1647949713
245,Talaya,61.3833,152.75,11.44,96,100,3.36,RU,1647949714
246,Madoc,44.5084,-77.4745,25.95,74,7,5.68,CA,1647949715
247,Fortuna,40.5982,-124.1573,49.93,95,100,5.75,US,1647949646
248,Klaksvík,62.2266,-6.589,49.12,83,99,20.45,FO,1647949716
249,Hong Kong,22.2855,114.1577,80.19,92,42,8.99,HK,1647949489
252,Dikson,73.5069,80.5464,9.59,91,100,21.43,RU,1647949719
253,Port Hawkesbury,45.6169,-61.3485,30.15,80,100,23.02,CA,1647949720
254,Arroyo de la Encomienda,41.6096,-4.7969,55.18,78,75,9.22,ES,1647949720
255,Panabá,21.2833,-88.2667,70.43,97,2,7.43,MX,1647949721
256,La Ronge,55.1001,-105.2842,28.62,93,0,6.91,CA,1647949722
257,Svetlaya,46.5389,138.3297,28.98,71,29,11.9,RU,1647949723
258,Sandakan,5.8402,118.1179,82.08,78,20,5.99,MY,1647949723
259,Zlynka,52.4267,31.7378,53.11,44,0,5.37,RU,1647949724
260,Cariati,39.4922,16.9594,54.55,46,12,15.77,IT,1647949725
261,Mīnāb,27.1467,57.0801,89.92,22,0,6.91,IR,1647949725
262,Praia,14.9215,-23.5087,73.94,60,40,25.32,CV,1647949726
263,Petropavlovsk-Kamchatskiy,53.0452,158.6483,23.59,50,0,6.71,RU,1647949457
264,Arlit,18.7369,7.3853,96.48,5,1,6.46,NE,1647949727
266,Matagami,49.7502,-77.6328,8.71,78,100,16.11,CA,1647949729
268,Guntur,16.3,80.45,94.89,52,62,6.06,IN,1647949731
269,Tetela de Ocampo,19.8167,-97.8,60.48,49,29,8.43,MX,1647949732
271,Celina,40.5489,-84.5702,52.54,80,100,5.08,US,1647949555
272,Asău,46.4333,26.4,56.32,46,0,16.82,RO,1647949734
273,Progreso,21.2833,-89.6667,72.1,89,0,14.65,MX,1647949734
275,Lachi,33.3833,71.3386,89.58,15,2,4.23,PK,1647949736
276,Mādhogarh,26.276,79.1869,100.11,6,0,9.4,IN,1647949737
277,Chunoyar,57.4467,97.3217,16.43,96,100,3.27,RU,1647949737
281,Rocky Mountain House,52.3668,-114.9188,24.91,86,82,1.14,CA,1647949511
282,Tura,25.5198,90.2201,84.07,29,42,1.57,IN,1647949740
283,Leningradskiy,69.3833,178.4167,25.88,84,100,7.34,RU,1647949741
286,Marquette,46.5333,-87.6335,31.44,77,100,10.4,US,1647949615
290,Meadow Lake,34.8014,-106.5436,35.4,93,99,6.17,US,1647949745
291,Morehead,37.2711,-87.1764,54.0,84,100,0.0,US,1647949746
292,Shemonaīkha,50.6328,81.9056,27.39,95,100,15.1,KZ,1647949747
293,Irbeyskoye,55.6428,95.4522,23.52,87,100,3.78,RU,1647949747
294,Jumla,29.2747,82.1838,61.92,36,36,5.44,NP,1647949748
295,Dhankutā,26.9833,87.3333,76.78,31,53,2.24,NP,1647949749
297,Wajima,37.4,136.9,40.86,57,1,12.82,JP,1647949750
300,Guerrero Negro,27.9769,-114.0611,56.05,88,0,7.34,MX,1647949753
301,Eydhafushi,5.1033,73.0708,82.53,69,46,14.38,MV,1647949754
302,Erdenet,49.0333,104.0833,25.79,37,92,3.78,MN,1647949754
303,Valley Station,38.1112,-85.8702,58.35,64,100,4.61,US,1647949755
304,Nadym,65.5333,72.5167,13.48,92,100,12.26,RU,1647949756
306,Nantucket,41.2835,-70.0995,41.14,58,3,25.77,US,1647949636
308,Lagos,6.5833,3.75,88.12,54,96,9.28,NG,1647949710
309,Umluj,25.0213,37.2685,72.54,62,0,16.37,SA,1647949759
310,Flin Flon,54.7682,-101.865,31.84,100,100,6.91,CA,1647949760
311,Severo-Kuril'sk,50.6789,156.125,24.85,88,69,15.08,RU,1647949761
312,Harper,4.375,-7.7169,85.24,63,69,6.96,LR,1647949761
313,Chihuahua,28.5,-106.0,41.4,38,0,7.9,MX,1647949627
314,Niquero,20.0431,-77.5828,72.37,74,0,7.96,CU,1647949764
315,Dongying,37.4564,118.4856,50.38,29,100,8.32,CN,1647949764
318,Lukovetskiy,64.2956,41.9211,35.71,81,63,9.33,RU,1647949767
319,Khovd,48.0056,91.6419,28.42,40,50,3.18,MN,1647949767
321,San Francisco Menéndez,13.8431,-90.0158,73.38,69,1,4.7,SV,1647949769
322,Shar,49.5886,81.0453,29.71,77,100,16.28,KZ,1647949770
323,Kodinsk,58.6881,99.1844,17.38,94,100,3.47,RU,1647949771
324,Plyussa,58.4308,29.3654,44.71,63,0,7.02,RU,1647949771
325,Mahrīz,31.5917,54.4318,75.7,13,3,6.53,IR,1647949772
326,Kalmunai,7.4167,81.8167,82.96,78,37,9.89,LK,1647949773
328,Kahului,20.8947,-156.47,75.85,75,0,10.36,US,1647949472
329,Matara,5.9485,80.5353,83.44,73,45,13.53,LK,1647949775
330,Cayenne,4.9333,-52.3333,76.08,1,75,8.01,GF,1647949598
331,Joshīmath,30.5667,79.5667,68.4,36,2,4.32,IN,1647949776
332,Kouroussa,10.65,-9.8833,100.24,26,25,3.65,GN,1647949777
333,Bratsk,56.1325,101.6142,28.89,93,99,4.5,RU,1647949778
334,Norman Wells,65.282,-126.8329,-21.96,69,20,3.44,CA,1647949779
337,College,64.8569,-147.8028,-3.68,62,0,5.75,US,1647949781
338,Teberda,43.4456,41.7448,32.95,72,1,7.72,RU,1647949781
339,Port Hardy,50.6996,-127.4199,46.4,87,100,18.41,CA,1647949782
341,Gorontalo,0.5412,123.0595,76.05,96,100,3.83,ID,1647949783
344,Naples,40.8333,14.25,58.6,42,40,11.5,IT,1647949306
345,Batagay-Alyta,67.8006,130.4114,-13.45,80,81,6.64,RU,1647949786
346,Hay River,60.8156,-115.7999,12.18,73,75,8.05,CA,1647949528
347,Somers Point,39.3176,-74.5946,45.99,82,0,3.0,US,1647949787
348,Srednekolymsk,67.45,153.6833,13.51,96,100,5.35,RU,1647949787
351,Grand Forks,47.9417,-97.4337,31.93,86,0,6.91,US,1647949790
352,Muros,42.7762,-9.0603,60.67,81,96,18.12,ES,1647949783
355,Changying,52.8733,123.3213,9.16,93,40,3.98,CN,1647949793
356,Jega,12.2175,4.3792,105.31,8,99,5.66,NG,1647949793
357,Ugoofaaru,5.6667,73.0,82.6,69,59,13.65,MV,1647949794
358,Eatonton,33.3268,-83.3885,49.08,89,100,4.32,US,1647949795
361,Akdepe,42.0551,59.3788,41.09,24,98,8.23,TM,1647949797
362,Bonavista,48.6499,-53.1147,31.73,77,94,25.41,CA,1647949798
363,Hasaki,35.7333,140.8333,37.8,73,100,28.23,JP,1647949799
365,Ulagan,50.6321,87.9563,24.8,92,86,0.43,RU,1647949800
367,Ola,59.5833,151.2833,21.15,91,100,7.99,RU,1647949542
368,Halifax,44.6453,-63.5724,31.68,73,40,20.71,CA,1647949716
369,Hambantota,6.1241,81.1185,89.94,79,20,5.75,LK,1647949802
370,Hūn,29.1268,15.9477,60.6,30,4,12.77,LY,1647949803
371,Saint George,37.1041,-113.5841,50.59,42,0,6.91,US,1647949804
373,Iqaluit,63.7506,-68.5145,-16.31,75,0,21.85,CA,1647949805
374,Dublin,37.7021,-121.9358,59.02,79,0,3.44,US,1647949806
376,Yaan,7.3833,8.5667,98.8,31,97,6.78,NG,1647949807
377,Rudkøbing,54.9364,10.7102,42.57,70,2,5.79,DK,1647949808
378,Ilanskiy,56.2358,96.065,22.15,90,98,4.72,RU,1647949809
380,Nuuk,64.1835,-51.7216,11.88,66,100,8.99,GL,1647949810
381,Kiryat Gat,31.61,34.7642,60.78,43,9,13.27,IL,1647949811
382,Alappuzha,9.49,76.3264,83.66,75,90,13.73,IN,1647949812
385,Pipili,20.1167,85.8333,88.14,70,20,11.5,IN,1647949814
386,San Quintín,30.4833,-115.95,56.16,84,2,3.29,MX,1647949815
387,Korla,41.7597,86.1469,54.57,41,44,12.57,CN,1647949816
389,Miranda,3.2499,-76.2281,66.33,89,85,2.37,CO,1647949518
390,Muhos,64.808,25.9931,42.58,79,0,6.82,FI,1647949818
391,Lavrentiya,65.5833,-171.0,0.88,92,78,2.95,RU,1647949819
392,City of San Pedro,14.35,121.0167,87.03,72,40,8.05,PH,1647949819
394,Vengerovo,55.6848,76.7471,25.07,92,100,6.96,RU,1647949821
395,Novorzhev,57.0294,29.3338,44.85,64,1,6.04,RU,1647949821
396,Havøysund,70.9963,24.6622,32.81,97,100,17.22,NO,1647949822
397,Tongliao,43.6125,122.2653,38.14,32,100,8.08,CN,1647949823
399,Vostok,46.4856,135.8833,21.51,91,97,9.31,RU,1647949824
400,Sabang,5.8933,95.3214,83.95,74,80,16.22,ID,1647949825
401,Teya,60.3778,92.6267,20.73,89,100,6.6,RU,1647949826
404,Kranuan,16.7067,103.0788,93.43,50,93,3.87,TH,1647949829
405,Ust-Tsilma,65.441,52.1498,31.41,78,90,18.21,RU,1647949830
406,Rome,43.2128,-75.4557,30.96,74,6,4.0,US,1647949683
408,Greensburg,40.3015,-79.5389,44.98,68,0,6.91,US,1647949337
409,Puertollano,38.6871,-4.1073,56.28,68,100,5.23,ES,1647949833
410,Lata,40.1629,-8.3327,59.92,64,92,8.16,PT,1647949834
412,North Bend,43.4065,-124.2243,51.93,100,100,0.0,US,1647949835
413,Wasilla,61.5814,-149.4394,29.75,54,0,24.16,US,1647949411
415,Kyabé,9.4515,18.9449,103.77,5,98,0.6,TD,1647949838
416,Benito Juarez,19.385,-99.165,58.84,41,2,4.0,MX,1647949838
418,Kropotkin,45.4375,40.5756,46.11,36,62,21.3,RU,1647949840
419,Cherskiy,68.75,161.3,18.66,84,100,11.86,RU,1647949841
421,Shadrinsk,56.0852,63.6335,29.53,82,100,9.53,RU,1647949842
422,Shingū,33.7333,135.9833,41.88,86,100,6.38,JP,1647949843
423,San Ramon,37.7799,-121.978,58.6,77,0,3.44,US,1647949844
424,Aleksandriyskaya,44.2272,43.3453,38.03,74,100,10.09,RU,1647949845
426,Shimoda,34.6667,138.95,37.11,90,100,19.22,JP,1647949846
427,Rossosh',51.1209,38.5116,33.55,100,94,4.99,RU,1647949847
428,Lagoa,39.05,-27.9833,57.96,74,100,15.48,PT,1647949847
429,Luga,58.7372,29.8453,44.31,68,1,7.11,RU,1647949848
430,Maţāy,28.419,30.7792,64.54,23,3,13.62,EG,1647949849
431,Bilma,18.6853,12.9164,87.53,11,0,14.85,NE,1647949850
434,Erfurt,50.9833,11.0333,62.98,34,0,6.91,DE,1647949852
435,Malinovskiy,61.1953,62.8397,26.92,95,100,9.6,RU,1647949853
436,Whitehorse,60.7161,-135.0538,26.1,88,100,5.75,CA,1647949601
437,Gouyave,12.1646,-61.7296,75.97,78,40,17.27,GD,1647949854
439,Bacong,9.2464,123.2956,79.95,86,55,5.06,PH,1647949855
440,Athens,37.9795,23.7162,56.17,36,40,17.27,GR,1647949856
442,Los Llanos de Aridane,28.6585,-17.9182,65.95,76,75,5.75,ES,1647949857
443,Russell,32.3502,-85.1999,56.43,87,0,0.0,US,1647949858
445,Harlingen,26.1906,-97.6961,75.11,55,75,10.36,US,1647949671
446,Neochori,41.1833,23.25,63.1,34,6,5.93,GR,1647949860
448,Monrovia,6.3005,-10.7969,89.37,64,85,5.5,LR,1647949825
449,Rivière-du-Loup,47.8304,-69.5342,18.48,67,99,4.61,CA,1647949575
450,Kuminskiy,58.6667,66.5667,25.95,88,100,5.82,RU,1647949863
451,Hargeisa,9.56,44.065,87.48,24,29,1.57,SO,1647949863
452,Eyl,7.9803,49.8164,82.33,61,1,12.5,SO,1647949864
454,Kurmanayevka,52.5093,52.0675,29.05,91,49,8.52,RU,1647949865
455,Ous,60.9058,61.5186,29.07,77,100,11.68,RU,1647949866
456,Son La,21.3167,103.9,75.31,78,90,1.34,VN,1647949867
457,Panama City,8.9936,-79.5197,77.13,85,100,2.3,PA,1647949726
458,Mahdasht,35.7299,50.8111,53.82,62,91,15.35,IR,1647949869
460,Bhubaneswar,20.2333,85.8333,88.02,70,20,11.5,IN,1647949870
462,Zhezkazgan,47.8043,67.7144,30.18,74,75,17.9,KZ,1647949871
463,Puerto Peñasco,31.3167,-113.5333,64.67,38,15,13.11,MX,1647949636
465,Givors,45.5833,4.7667,61.74,38,3,15.52,FR,1647949874
466,Santa Clarita,34.3917,-118.5426,66.18,36,7,3.0,US,1647949874
468,Taoudenni,22.6783,-3.9836,87.91,10,0,14.16,ML,1647949876
470,Brae,60.3964,-1.353,46.96,71,25,15.12,GB,1647949878
471,Plattsburgh,44.6995,-73.4529,30.96,43,0,9.22,US,1647949878
472,Benjamín Hill,30.1667,-111.1,49.95,32,3,2.17,MX,1647949879
473,Tezu,27.9167,96.1667,83.12,29,87,2.89,IN,1647949880
474,Oranjestad,12.524,-70.027,78.75,69,20,19.57,AW,1647949881
475,Suruç,36.9761,38.425,50.5,46,90,5.79,TR,1647949882
476,Evanston,42.0411,-87.6901,54.12,75,40,7.0,US,1647949882
477,Vestmanna,62.1564,-7.1664,47.32,81,100,16.11,FO,1647949883
478,Shinjō,38.7586,140.3008,32.88,93,16,0.96,JP,1647949884
480,Jacqueville,5.2052,-4.4146,81.23,80,93,8.97,CI,1647949885
481,Indianola,41.3581,-93.5574,48.69,99,100,17.25,US,1647949886
482,Smithers,54.7804,-127.1743,39.52,87,100,9.22,CA,1647949887
483,Campbellsville,37.3434,-85.3419,57.31,31,100,1.01,US,1647949887
486,Camacha,33.0833,-16.3333,60.22,63,75,10.36,PT,1647949890
488,Hvide Sande,56.0045,8.1294,57.09,60,92,3.94,DK,1647949891
490,Proletarskiy,50.7914,35.7731,33.94,99,79,1.34,RU,1647949893
491,Miyako,39.6367,141.9525,31.08,87,42,4.99,JP,1647949893
493,Yumen,40.2833,97.2,51.76,24,73,16.02,CN,1647949895
494,Thayetmyo,19.3167,95.1833,78.75,78,93,6.24,MM,1647949895
496,Half Moon Bay,37.4636,-122.4286,57.88,81,20,9.22,US,1647949897
499,Luancheng,37.8792,114.6517,42.96,42,100,6.29,CN,1647949899
500,Artyom,40.4723,50.333,44.74,62,100,21.23,AZ,1647949899
501,Stann Creek Town,16.9692,-88.2321,78.13,81,12,14.99,BZ,1647949900
502,Ormara,25.2088,64.6357,77.13,73,0,20.04,PK,1647949901
504,Beidao,34.5686,105.8933,52.0,64,70,4.34,CN,1647949902
505,The Valley,18.217,-63.0578,77.14,73,40,10.36,AI,1647949903
506,Lüshunkou,38.8,121.2667,43.02,52,100,6.15,CN,1647949904
507,Nome,64.5011,-165.4064,-0.33,78,0,0.0,US,1647949904
509,Avesta,60.1455,16.1679,51.62,35,33,9.6,SE,1647949906
510,Erenhot,43.6475,111.9767,39.11,24,85,10.07,CN,1647949907
511,Ilulissat,69.2167,-51.1,-5.69,66,98,1.48,GL,1647949907
512,Sibolga,1.7427,98.7792,78.69,86,86,1.97,ID,1647949908
513,Millinocket,45.6573,-68.7098,28.51,59,100,14.97,US,1647949909
515,Ayan,56.45,138.1667,14.52,66,36,11.27,RU,1647949911
516,Kumluca,36.3703,30.2869,51.98,45,78,12.57,TR,1647949911
518,Isla Vista,34.4133,-119.861,64.36,61,0,0.0,US,1647949709
519,Aswān,24.0934,32.907,78.94,18,1,15.77,EG,1647949913
520,Muroran,42.3172,140.9881,34.41,83,80,14.09,JP,1647949914
521,Sibundoy,1.2048,-76.9237,56.86,94,70,0.65,CO,1647949915
523,Oron,4.8256,8.2343,90.9,55,68,11.27,NG,1647949916
525,Oktyabr'skoye,43.0645,44.7417,33.94,80,100,11.18,RU,1647949917
526,Mandalgovi,45.7625,106.2708,24.84,44,38,5.99,MN,1647949918
527,Nador,35.174,-2.9287,64.47,77,75,9.22,MA,1647949919
529,Zharkent,44.1628,80.0,45.32,55,100,5.73,KZ,1647949920
530,Balod,20.73,81.2047,99.82,8,8,6.31,IN,1647949921
531,Jalu,29.0331,21.5482,60.12,30,5,11.43,LY,1647949922
532,Chifeng,42.2683,118.9636,35.85,43,100,9.35,CN,1647949923
533,Taseyevo,57.2169,94.8978,18.86,93,98,3.29,RU,1647949924
535,Astoria,46.1879,-123.8313,49.93,98,100,3.44,US,1647949836
536,Verkhoyansk,67.5447,133.385,0.46,98,100,3.09,RU,1647949926
537,Kaffrine,14.1059,-15.5508,97.93,10,44,11.77,SN,1647949926
538,Khanbari,27.3747,87.2039,78.76,34,63,4.41,NP,1647949927
539,Acapulco de Juárez,16.8634,-99.8901,72.95,59,2,4.63,MX,1647949893
540,Buraidah,26.326,43.975,86.45,8,0,11.16,SA,1647949929
541,Totskoye,52.5248,52.7623,31.17,87,40,9.8,RU,1647949929
542,Beringovskiy,63.05,179.3167,21.79,97,100,10.94,RU,1647949930
543,Meridian,43.6121,-116.3915,42.51,74,40,4.61,US,1647949931
545,Yebaishou,41.3975,119.6408,36.45,43,100,9.37,CN,1647949933
546,Yinchuan,38.4681,106.2731,50.56,34,24,4.41,CN,1647949933
547,Kallithea,37.95,23.7,56.46,35,40,17.27,GR,1647949934
549,Shakhtinsk,49.71,72.5872,27.01,86,99,19.33,KZ,1647949935
550,Meulaboh,4.1363,96.1285,80.31,79,90,4.16,ID,1647949936
551,Izhma,65.0083,53.9113,32.05,76,100,16.55,RU,1647949937
554,Vysokogornyy,50.1167,139.15,20.03,93,99,13.24,RU,1647949939
555,Fushun,41.8558,123.9233,37.11,36,93,6.49,CN,1647949940
556,Paredon,16.0333,-93.8667,77.04,70,20,4.25,MX,1647949940
557,Fukuechō,32.6881,128.8419,54.5,65,100,22.26,JP,1647949941
558,Florø,61.5996,5.0328,44.67,70,40,4.61,NO,1647949942
559,Nābha,30.3747,76.1486,98.67,6,0,9.86,IN,1647949943
561,Muroto-misakicho,33.2833,134.15,50.59,70,99,19.82,JP,1647949944
562,Goderich,43.7501,-81.7165,33.91,64,99,10.36,CA,1647949945
563,Shagonar,51.5333,92.8,9.3,97,84,1.14,RU,1647949946
566,Tamiahua,21.2667,-97.45,68.9,92,3,11.95,MX,1647949948
567,Iskateley,67.6803,53.1512,27.59,78,97,25.77,RU,1647949949
568,Kushima,31.4583,131.2333,54.07,76,100,11.81,JP,1647949949
569,Cerrito,6.8432,-72.694,53.92,87,74,4.76,CO,1647949950
570,Māngrol,21.1167,70.1167,85.01,44,30,20.87,IN,1647949951
571,Yerbogachën,61.2767,108.0108,18.18,91,100,5.26,RU,1647949951
